Month,Mean_Temperature
1850/01,-0.6746
1850/02,-0.3334
1850/03,-0.5913
1850/04,-0.5887
1850/05,-0.5088
1850/06,-0.3442
1850/07,-0.1598
1850/08,-0.2077
1850/09,-0.3847
1850/10,-0.5331
1850/11,-0.2825
1850/12,-0.4037
1851/01,-0.2007
1851/02,-0.4693
1851/03,-0.6461
1851/04,-0.5421
1851/05,-0.1976
1851/06,-0.1367
1851/07,-0.0968
1851/08,-0.1018
1851/09,-0.0912
1851/10,-0.0084
1851/11,-0.0819
1851/12,-0.2275
1852/01,-0.3751
1852/02,-0.4767
1852/03,-0.5598
1852/04,-0.5854
1852/05,-0.1274
1852/06,-0.0837
1852/07,0.005
1852/08,-0.1356
1852/09,-0.0019
1852/10,-0.1724
1852/11,-0.3052
1852/12,0.0654
1853/01,-0.2326
1853/02,-0.4037
1853/03,-0.2804
1853/04,-0.3863
1853/05,-0.2679
1853/06,-0.1424
1853/07,-0.0834
1853/08,-0.0566
1853/09,-0.2503
1853/10,-0.3918
1853/11,-0.4114
1853/12,-0.3374
1854/01,-0.3814
1854/02,-0.3611
1854/03,-0.2427
1854/04,-0.3338
1854/05,-0.2895
1854/06,-0.299
1854/07,-0.1786
1854/08,-0.2394
1854/09,-0.2167
1854/10,-0.0953
1854/11,-0.4103
1854/12,-0.4504
1855/01,-0.1592
1855/02,-0.3134
1855/03,-0.344
1855/04,-0.2182
1855/05,-0.3873
1855/06,-0.333
1855/07,-0.333
1855/08,-0.1995
1855/09,-0.2707
1855/10,-0.1954
1855/11,-0.3893
1855/12,-0.4199
1856/01,-0.0756
1856/02,-0.3371
1856/03,-0.3577
1856/04,-0.3159
1856/05,-0.2851
1856/06,-0.2142
1856/07,-0.2247
1856/08,-0.2377
1856/09,-0.3882
1856/10,-0.4381
1856/11,-0.5523
1856/12,-0.4175
1857/01,-0.4948
1857/02,-0.4349
1857/03,-0.4786
1857/04,-0.6443
1857/05,-0.6587
1857/06,-0.3041
1857/07,-0.4114
1857/08,-0.369
1857/09,-0.3797
1857/10,-0.4726
1857/11,-0.6851
1857/12,-0.2735
1858/01,-0.2955
1858/02,-0.4769
1858/03,-0.5477
1858/04,-0.428
1858/05,-0.5321
1858/06,-0.3795
1858/07,-0.3356
1858/08,-0.2775
1858/09,-0.2832
1858/10,-0.2887
1858/11,-0.3655
1858/12,-0.455
1859/01,-0.3815
1859/02,-0.3435
1859/03,-0.3137
1859/04,-0.1572
1859/05,-0.1525
1859/06,-0.2496
1859/07,-0.3121
1859/08,-0.2446
1859/09,-0.3939
1859/10,-0.2547
1859/11,-0.2875
1859/12,-0.2844
1860/01,-0.3906
1860/02,-0.4683
1860/03,-0.7865
1860/04,-0.3061
1860/05,-0.3636
1860/06,-0.2115
1860/07,-0.1848
1860/08,-0.1142
1860/09,-0.1313
1860/10,-0.346
1860/11,-0.6049
1860/12,-0.7742
1861/01,-0.918
1861/02,-0.6246
1861/03,-0.4157
1861/04,-0.3862
1861/05,-0.6603
1861/06,-0.2514
1861/07,-0.2967
1861/08,-0.0411
1861/09,-0.2703
1861/10,-0.4766
1861/11,-0.4576
1861/12,-0.3509
1862/01,-0.8248
1862/02,-0.7155
1862/03,-0.5354
1862/04,-0.5221
1862/05,-0.3475
1862/06,-0.3066
1862/07,-0.3449
1862/08,-0.4562
1862/09,-0.3624
1862/10,-0.4487
1862/11,-0.6778
1862/12,-0.8945
1863/01,-0.0763
1863/02,-0.2495
1863/03,-0.355
1863/04,-0.2883
1863/05,-0.3837
1863/06,-0.3683
1863/07,-0.3123
1863/08,-0.2974
1863/09,-0.352
1863/10,-0.5043
1863/11,-0.4406
1863/12,-0.5032
1864/01,-0.8532
1864/02,-0.5934
1864/03,-0.4994
1864/04,-0.5436
1864/05,-0.3238
1864/06,-0.1125
1864/07,-0.2596
1864/08,-0.3079
1864/09,-0.4425
1864/10,-0.6029
1864/11,-0.4562
1864/12,-0.5903
1865/01,-0.1761
1865/02,-0.4667
1865/03,-0.6612
1865/04,-0.4482
1865/05,-0.3775
1865/06,-0.1952
1865/07,-0.2152
1865/08,-0.2118
1865/09,-0.1709
1865/10,-0.2694
1865/11,-0.3371
1865/12,-0.4606
1866/01,-0.1321
1866/02,-0.4011
1866/03,-0.6822
1866/04,-0.4544
1866/05,-0.5728
1866/06,-0.0981
1866/07,-0.0083
1866/08,-0.2495
1866/09,-0.3778
1866/10,-0.4206
1866/11,-0.2983
1866/12,-0.4004
1867/01,-0.4052
1867/02,-0.3536
1867/03,-0.6812
1867/04,-0.4213
1867/05,-0.5748
1867/06,-0.3504
1867/07,-0.2528
1867/08,-0.3305
1867/09,-0.1479
1867/10,-0.1253
1867/11,-0.1957
1867/12,-0.4454
1868/01,-0.6849
1868/02,-0.6933
1868/03,-0.3339
1868/04,-0.363
1868/05,-0.2855
1868/06,-0.2969
1868/07,-0.0596
1868/08,-0.1933
1868/09,-0.3448
1868/10,-0.2297
1868/11,-0.4232
1868/12,-0.314
1869/01,-0.3357
1869/02,0.1313
1869/03,-0.626
1869/04,-0.4057
1869/05,-0.31
1869/06,-0.3845
1869/07,-0.4171
1869/08,-0.1679
1869/09,-0.1716
1869/10,-0.2935
1869/11,-0.2818
1869/12,-0.5366
1870/01,-0.2111
1870/02,-0.4549
1870/03,-0.4983
1870/04,-0.3329
1870/05,-0.2977
1870/06,-0.2312
1870/07,-0.0734
1870/08,-0.2582
1870/09,-0.2023
1870/10,-0.4429
1870/11,-0.2658
1870/12,-0.6664
1871/01,-0.5583
1871/02,-0.6721
1871/03,-0.1709
1871/04,-0.2219
1871/05,-0.3622
1871/06,-0.2864
1871/07,-0.0824
1871/08,-0.3224
1871/09,-0.3611
1871/10,-0.3733
1871/11,-0.5227
1871/12,-0.489
1872/01,-0.5988
1872/02,-0.6208
1872/03,-0.5237
1872/04,-0.3854
1872/05,-0.1415
1872/06,-0.2794
1872/07,-0.1463
1872/08,0.0086
1872/09,-0.1765
1872/10,-0.2035
1872/11,-0.322
1872/12,-0.548
1873/01,-0.2617
1873/02,-0.2825
1873/03,-0.4087
1873/04,-0.4806
1873/05,-0.3509
1873/06,-0.3205
1873/07,-0.1757
1873/08,-0.2278
1873/09,-0.4053
1873/10,-0.3906
1873/11,-0.4633
1873/12,-0.3279
1874/01,-0.1985
1874/02,-0.4384
1874/03,-0.6729
1874/04,-0.437
1874/05,-0.334
1874/06,-0.5658
1874/07,-0.1671
1874/08,-0.2961
1874/09,-0.1682
1874/10,-0.4712
1874/11,-0.4177
1874/12,-0.312
1875/01,-0.5711
1875/02,-0.4793
1875/03,-0.5643
1875/04,-0.3581
1875/05,-0.2728
1875/06,-0.28
1875/07,-0.1821
1875/08,-0.2465
1875/09,-0.2343
1875/10,-0.2332
1875/11,-0.5092
1875/12,-0.5767
1876/01,-0.5137
1876/02,-0.3374
1876/03,-0.3623
1876/04,-0.4243
1876/05,-0.5904
1876/06,-0.3523
1876/07,-0.2137
1876/08,-0.3272
1876/09,-0.4178
1876/10,-0.2998
1876/11,-0.6068
1876/12,-0.6434
1877/01,-0.4111
1877/02,-0.2093
1877/03,-0.0914
1877/04,-0.3459
1877/05,-0.4113
1877/06,-0.1382
1877/07,-0.0163
1877/08,0.2107
1877/09,0.1076
1877/10,0.1133
1877/11,0.034
1877/12,-0.0556
1878/01,-0.0698
1878/02,0.2294
1878/03,0.3613
1878/04,0.1885
1878/05,-0.1224
1878/06,0.0103
1878/07,-0.0772
1878/08,-0.0466
1878/09,0.0208
1878/10,-0.165
1878/11,-0.1426
1878/12,-0.3226
1879/01,-0.2378
1879/02,-0.266
1879/03,-0.2584
1879/04,-0.3824
1879/05,-0.3439
1879/06,-0.2833
1879/07,-0.2641
1879/08,-0.2653
1879/09,-0.2356
1879/10,-0.1591
1879/11,-0.3973
1879/12,-0.5505
1880/01,-0.2
1880/01,-0.3939
1880/02,-0.25
1880/02,-0.4499
1880/03,-0.09
1880/03,-0.1944
1880/04,-0.16
1880/04,-0.338
1880/05,-0.09
1880/05,-0.3254
1880/06,-0.22
1880/06,-0.3805
1880/07,-0.2
1880/07,-0.3148
1880/08,-0.09
1880/08,-0.1072
1880/09,-0.15
1880/09,-0.297
1880/10,-0.22
1880/10,-0.3909
1880/11,-0.22
1880/11,-0.2807
1880/12,-0.18
1880/12,-0.3173
1881/01,-0.19
1881/01,-0.2146
1881/02,-0.15
1881/02,-0.2246
1881/03,0.02
1881/03,-0.2482
1881/04,0.04
1881/04,-0.0625
1881/05,0.07
1881/05,-0.1219
1881/06,-0.19
1881/06,-0.3991
1881/07,0.01
1881/07,-0.194
1881/08,-0.04
1881/08,-0.1382
1881/09,-0.16
1881/09,-0.3008
1881/10,-0.22
1881/10,-0.2305
1881/11,-0.18
1881/11,-0.3812
1881/12,-0.07
1881/12,-0.2713
1882/01,0.16
1882/01,-0.0254
1882/02,0.14
1882/02,-0.1173
1882/03,0.05
1882/03,-0.1771
1882/04,-0.15
1882/04,-0.3147
1882/05,-0.13
1882/05,-0.3257
1882/06,-0.22
1882/06,-0.3923
1882/07,-0.16
1882/07,-0.341
1882/08,-0.07
1882/08,-0.2451
1882/09,-0.14
1882/09,-0.1504
1882/10,-0.23
1882/10,-0.3991
1882/11,-0.17
1882/11,-0.4035
1882/12,-0.36
1882/12,-0.6547
1883/01,-0.29
1883/01,-0.4728
1883/02,-0.36
1883/02,-0.4854
1883/03,-0.12
1883/03,-0.2664
1883/04,-0.18
1883/04,-0.439
1883/05,-0.18
1883/05,-0.34
1883/06,-0.07
1883/06,-0.1902
1883/07,-0.07
1883/07,-0.2186
1883/08,-0.14
1883/08,-0.2879
1883/09,-0.22
1883/09,-0.3063
1883/10,-0.11
1883/10,-0.3401
1883/11,-0.24
1883/11,-0.3963
1883/12,-0.11
1883/12,-0.4148
1884/01,-0.12
1884/01,-0.4436
1884/02,-0.08
1884/02,-0.3329
1884/03,-0.36
1884/03,-0.5055
1884/04,-0.4
1884/04,-0.509
1884/05,-0.33
1884/05,-0.5656
1884/06,-0.35
1884/06,-0.5138
1884/07,-0.3
1884/07,-0.5659
1884/08,-0.28
1884/08,-0.4291
1884/09,-0.27
1884/09,-0.5043
1884/10,-0.25
1884/10,-0.4633
1884/11,-0.33
1884/11,-0.5852
1884/12,-0.3
1884/12,-0.4897
1885/01,-0.58
1885/01,-0.6561
1885/02,-0.34
1885/02,-0.5528
1885/03,-0.27
1885/03,-0.421
1885/04,-0.42
1885/04,-0.635
1885/05,-0.45
1885/05,-0.6063
1885/06,-0.43
1885/06,-0.6366
1885/07,-0.33
1885/07,-0.4205
1885/08,-0.31
1885/08,-0.4051
1885/09,-0.28
1885/09,-0.3567
1885/10,-0.23
1885/10,-0.3615
1885/11,-0.24
1885/11,-0.3843
1885/12,-0.1
1885/12,-0.2176
1886/01,-0.44
1886/01,-0.4797
1886/02,-0.51
1886/02,-0.4788
1886/03,-0.43
1886/03,-0.4872
1886/04,-0.28
1886/04,-0.3616
1886/05,-0.24
1886/05,-0.2926
1886/06,-0.34
1886/06,-0.502
1886/07,-0.18
1886/07,-0.3022
1886/08,-0.31
1886/08,-0.4574
1886/09,-0.24
1886/09,-0.3908
1886/10,-0.28
1886/10,-0.413
1886/11,-0.28
1886/11,-0.4908
1886/12,-0.26
1886/12,-0.3948
1887/01,-0.72
1887/01,-0.7438
1887/02,-0.57
1887/02,-0.6589
1887/03,-0.36
1887/03,-0.4454
1887/04,-0.35
1887/04,-0.4828
1887/05,-0.31
1887/05,-0.5295
1887/06,-0.25
1887/06,-0.5258
1887/07,-0.26
1887/07,-0.3889
1887/08,-0.36
1887/08,-0.4455
1887/09,-0.26
1887/09,-0.3886
1887/10,-0.36
1887/10,-0.4446
1887/11,-0.27
1887/11,-0.4352
1887/12,-0.33
1887/12,-0.4965
1888/01,-0.34
1888/01,-0.6185
1888/02,-0.36
1888/02,-0.5873
1888/03,-0.42
1888/03,-0.5973
1888/04,-0.21
1888/04,-0.3519
1888/05,-0.22
1888/05,-0.4113
1888/06,-0.17
1888/06,-0.3217
1888/07,-0.1
1888/07,-0.3386
1888/08,-0.16
1888/08,-0.3105
1888/09,-0.12
1888/09,-0.3247
1888/10,0.01
1888/10,-0.1664
1888/11,0.02
1888/11,-0.265
1888/12,-0.04
1888/12,-0.2593
1889/01,-0.09
1889/01,-0.2967
1889/02,0.16
1889/02,-0.0066
1889/03,0.06
1889/03,-0.0873
1889/04,0.09
1889/04,-0.0868
1889/05,-0.01
1889/05,-0.1581
1889/06,-0.1
1889/06,-0.2128
1889/07,-0.08
1889/07,-0.2809
1889/08,-0.21
1889/08,-0.3071
1889/09,-0.24
1889/09,-0.3417
1889/10,-0.26
1889/10,-0.37
1889/11,-0.34
1889/11,-0.5064
1889/12,-0.29
1889/12,-0.3443
1890/01,-0.42
1890/01,-0.5339
1890/02,-0.45
1890/02,-0.465
1890/03,-0.4
1890/03,-0.6111
1890/04,-0.3
1890/04,-0.4941
1890/05,-0.4
1890/05,-0.5365
1890/06,-0.25
1890/06,-0.4948
1890/07,-0.28
1890/07,-0.4891
1890/08,-0.39
1890/08,-0.467
1890/09,-0.37
1890/09,-0.4822
1890/10,-0.25
1890/10,-0.4392
1890/11,-0.44
1890/11,-0.6701
1890/12,-0.32
1890/12,-0.3993
1891/01,-0.34
1891/01,-0.5802
1891/02,-0.47
1891/02,-0.5976
1891/03,-0.18
1891/03,-0.3625
1891/04,-0.28
1891/04,-0.4481
1891/05,-0.17
1891/05,-0.3462
1891/06,-0.21
1891/06,-0.3751
1891/07,-0.18
1891/07,-0.3997
1891/08,-0.18
1891/08,-0.3549
1891/09,-0.16
1891/09,-0.2567
1891/10,-0.22
1891/10,-0.343
1891/11,-0.32
1891/11,-0.5339
1891/12,-0.04
1891/12,-0.218
1892/01,-0.3
1892/01,-0.4648
1892/02,-0.13
1892/02,-0.2897
1892/03,-0.41
1892/03,-0.533
1892/04,-0.34
1892/04,-0.5456
1892/05,-0.24
1892/05,-0.4569
1892/06,-0.22
1892/06,-0.4364
1892/07,-0.32
1892/07,-0.5868
1892/08,-0.27
1892/08,-0.5083
1892/09,-0.17
1892/09,-0.3824
1892/10,-0.14
1892/10,-0.4338
1892/11,-0.43
1892/11,-0.6607
1892/12,-0.39
1892/12,-0.7923
1893/01,-0.82
1893/01,-1.0449
1893/02,-0.57
1893/02,-0.845
1893/03,-0.23
1893/03,-0.4268
1893/04,-0.28
1893/04,-0.5148
1893/05,-0.34
1893/05,-0.5721
1893/06,-0.26
1893/06,-0.4423
1893/07,-0.14
1893/07,-0.2438
1893/08,-0.26
1893/08,-0.287
1893/09,-0.23
1893/09,-0.3651
1893/10,-0.19
1893/10,-0.3043
1893/11,-0.19
1893/11,-0.4048
1893/12,-0.32
1893/12,-0.4845
1894/01,-0.53
1894/01,-0.6276
1894/02,-0.3
1894/02,-0.4295
1894/03,-0.24
1894/03,-0.5116
1894/04,-0.45
1894/04,-0.5375
1894/05,-0.31
1894/05,-0.5192
1894/06,-0.41
1894/06,-0.5836
1894/07,-0.24
1894/07,-0.3921
1894/08,-0.24
1894/08,-0.3536
1894/09,-0.28
1894/09,-0.4397
1894/10,-0.24
1894/10,-0.399
1894/11,-0.27
1894/11,-0.4601
1894/12,-0.22
1894/12,-0.5517
1895/01,-0.42
1895/01,-0.636
1895/02,-0.44
1895/02,-0.6418
1895/03,-0.34
1895/03,-0.6179
1895/04,-0.23
1895/04,-0.4611
1895/05,-0.28
1895/05,-0.4825
1895/06,-0.22
1895/06,-0.4254
1895/07,-0.18
1895/07,-0.3349
1895/08,-0.18
1895/08,-0.3772
1895/09,-0.13
1895/09,-0.3943
1895/10,-0.12
1895/10,-0.3257
1895/11,-0.18
1895/11,-0.3214
1895/12,-0.15
1895/12,-0.3668
1896/01,-0.23
1896/01,-0.3152
1896/02,-0.13
1896/02,-0.3366
1896/03,-0.27
1896/03,-0.5884
1896/04,-0.31
1896/04,-0.546
1896/05,-0.16
1896/05,-0.3561
1896/06,-0.12
1896/06,-0.2301
1896/07,-0.03
1896/07,-0.1824
1896/08,-0.06
1896/08,-0.1716
1896/09,-0.08
1896/09,-0.1553
1896/10,0.05
1896/10,-0.1179
1896/11,-0.05
1896/11,-0.3141
1896/12,-0.05
1896/12,-0.0944
1897/01,-0.16
1897/01,-0.3001
1897/02,-0.18
1897/02,-0.3486
1897/03,-0.14
1897/03,-0.4155
1897/04,-0.03
1897/04,-0.1176
1897/05,-0.02
1897/05,-0.1141
1897/06,-0.12
1897/06,-0.1627
1897/07,-0.03
1897/07,-0.187
1897/08,-0.1
1897/08,-0.1854
1897/09,-0.09
1897/09,-0.1863
1897/10,-0.14
1897/10,-0.2123
1897/11,-0.19
1897/11,-0.4227
1897/12,-0.21
1897/12,-0.4652
1898/01,-0.03
1898/01,-0.1992
1898/02,-0.31
1898/02,-0.5561
1898/03,-0.52
1898/03,-0.8427
1898/04,-0.32
1898/04,-0.663
1898/05,-0.31
1898/05,-0.5596
1898/06,-0.2
1898/06,-0.3347
1898/07,-0.23
1898/07,-0.3948
1898/08,-0.27
1898/08,-0.3894
1898/09,-0.22
1898/09,-0.3708
1898/10,-0.35
1898/10,-0.501
1898/11,-0.39
1898/11,-0.5286
1898/12,-0.24
1898/12,-0.4895
1899/01,-0.17
1899/01,-0.3598
1899/02,-0.39
1899/02,-0.554
1899/03,-0.37
1899/03,-0.589
1899/04,-0.21
1899/04,-0.4393
1899/05,-0.23
1899/05,-0.3589
1899/06,-0.32
1899/06,-0.501
1899/07,-0.16
1899/07,-0.3655
1899/08,-0.09
1899/08,-0.2398
1899/09,-0.06
1899/09,-0.1516
1899/10,-0.04
1899/10,-0.1831
1899/11,0.12
1899/11,-0.0569
1899/12,-0.27
1899/12,-0.4662
1900/01,-0.37
1900/01,-0.5065
1900/02,-0.06
1900/02,-0.2029
1900/03,0
1900/03,-0.1997
1900/04,-0.09
1900/04,-0.2241
1900/05,-0.09
1900/05,-0.3028
1900/06,-0.1
1900/06,-0.2171
1900/07,-0.13
1900/07,-0.1909
1900/08,-0.09
1900/08,-0.2108
1900/09,-0.06
1900/09,-0.1957
1900/10,0.09
1900/10,-0.0647
1900/11,-0.07
1900/11,-0.2625
1900/12,-0.07
1900/12,-0.2362
1901/01,-0.22
1901/01,-0.2806
1901/02,-0.12
1901/02,-0.2682
1901/03,0.05
1901/03,-0.2008
1901/04,-0.03
1901/04,-0.1753
1901/05,-0.15
1901/05,-0.2493
1901/06,-0.12
1901/06,-0.2366
1901/07,-0.15
1901/07,-0.3289
1901/08,-0.21
1901/08,-0.205
1901/09,-0.23
1901/09,-0.3551
1901/10,-0.3
1901/10,-0.3407
1901/11,-0.17
1901/11,-0.3958
1901/12,-0.27
1901/12,-0.4845
1902/01,-0.17
1902/01,-0.4395
1902/02,-0.09
1902/02,-0.2322
1902/03,-0.28
1902/03,-0.474
1902/04,-0.28
1902/04,-0.4305
1902/05,-0.33
1902/05,-0.4302
1902/06,-0.32
1902/06,-0.4452
1902/07,-0.28
1902/07,-0.3891
1902/08,-0.3
1902/08,-0.4251
1902/09,-0.29
1902/09,-0.3728
1902/10,-0.3
1902/10,-0.5005
1902/11,-0.37
1902/11,-0.5626
1902/12,-0.42
1902/12,-0.5659
1903/01,-0.25
1903/01,-0.4344
1903/02,-0.07
1903/02,-0.2402
1903/03,-0.24
1903/03,-0.3984
1903/04,-0.42
1903/04,-0.588
1903/05,-0.4
1903/05,-0.516
1903/06,-0.43
1903/06,-0.5476
1903/07,-0.35
1903/07,-0.5052
1903/08,-0.46
1903/08,-0.6014
1903/09,-0.5
1903/09,-0.5597
1903/10,-0.47
1903/10,-0.6648
1903/11,-0.42
1903/11,-0.6297
1903/12,-0.51
1903/12,-0.714
1904/01,-0.63
1904/01,-0.8066
1904/02,-0.59
1904/02,-0.7699
1904/03,-0.51
1904/03,-0.6964
1904/04,-0.51
1904/04,-0.6468
1904/05,-0.52
1904/05,-0.6093
1904/06,-0.49
1904/06,-0.5641
1904/07,-0.51
1904/07,-0.553
1904/08,-0.49
1904/08,-0.4784
1904/09,-0.56
1904/09,-0.5966
1904/10,-0.4
1904/10,-0.553
1904/11,-0.18
1904/11,-0.3966
1904/12,-0.34
1904/12,-0.4996
1905/01,-0.35
1905/01,-0.4634
1905/02,-0.6
1905/02,-0.7201
1905/03,-0.22
1905/03,-0.524
1905/04,-0.34
1905/04,-0.5602
1905/05,-0.3
1905/05,-0.4342
1905/06,-0.29
1905/06,-0.3425
1905/07,-0.27
1905/07,-0.373
1905/08,-0.21
1905/08,-0.3044
1905/09,-0.19
1905/09,-0.3451
1905/10,-0.25
1905/10,-0.3351
1905/11,-0.07
1905/11,-0.2172
1905/12,-0.13
1905/12,-0.2743
1906/01,-0.29
1906/01,-0.2966
1906/02,-0.3
1906/02,-0.3885
1906/03,-0.19
1906/03,-0.2895
1906/04,-0.05
1906/04,-0.1039
1906/05,-0.26
1906/05,-0.3765
1906/06,-0.2
1906/06,-0.2325
1906/07,-0.23
1906/07,-0.3429
1906/08,-0.2
1906/08,-0.2716
1906/09,-0.29
1906/09,-0.353
1906/10,-0.21
1906/10,-0.3222
1906/11,-0.38
1906/11,-0.5317
1906/12,-0.15
1906/12,-0.3205
1907/01,-0.44
1907/01,-0.5292
1907/02,-0.52
1907/02,-0.6185
1907/03,-0.28
1907/03,-0.4379
1907/04,-0.38
1907/04,-0.4779
1907/05,-0.47
1907/05,-0.645
1907/06,-0.42
1907/06,-0.544
1907/07,-0.35
1907/07,-0.425
1907/08,-0.34
1907/08,-0.4909
1907/09,-0.35
1907/09,-0.3986
1907/10,-0.23
1907/10,-0.3359
1907/11,-0.47
1907/11,-0.5563
1907/12,-0.47
1907/12,-0.5898
1908/01,-0.45
1908/01,-0.4664
1908/02,-0.33
1908/02,-0.4138
1908/03,-0.56
1908/03,-0.704
1908/04,-0.45
1908/04,-0.5883
1908/05,-0.37
1908/05,-0.453
1908/06,-0.38
1908/06,-0.4127
1908/07,-0.35
1908/07,-0.4009
1908/08,-0.46
1908/08,-0.4812
1908/09,-0.36
1908/09,-0.3876
1908/10,-0.44
1908/10,-0.5746
1908/11,-0.52
1908/11,-0.6452
1908/12,-0.49
1908/12,-0.6381
1909/01,-0.73
1909/01,-0.7628
1909/02,-0.46
1909/02,-0.5354
1909/03,-0.54
1909/03,-0.652
1909/04,-0.59
1909/04,-0.6327
1909/05,-0.54
1909/05,-0.5917
1909/06,-0.52
1909/06,-0.5
1909/07,-0.45
1909/07,-0.5237
1909/08,-0.34
1909/08,-0.3368
1909/09,-0.39
1909/09,-0.4159
1909/10,-0.4
1909/10,-0.4944
1909/11,-0.32
1909/11,-0.3865
1909/12,-0.56
1909/12,-0.5962
1910/01,-0.43
1910/01,-0.4327
1910/02,-0.41
1910/02,-0.529
1910/03,-0.51
1910/03,-0.6188
1910/04,-0.43
1910/04,-0.5348
1910/05,-0.34
1910/05,-0.5367
1910/06,-0.39
1910/06,-0.5592
1910/07,-0.34
1910/07,-0.4346
1910/08,-0.37
1910/08,-0.3887
1910/09,-0.39
1910/09,-0.4228
1910/10,-0.42
1910/10,-0.4847
1910/11,-0.58
1910/11,-0.6723
1910/12,-0.68
1910/12,-0.7566
1911/01,-0.63
1911/01,-0.6679
1911/02,-0.58
1911/02,-0.7059
1911/03,-0.62
1911/03,-0.7639
1911/04,-0.55
1911/04,-0.6435
1911/05,-0.52
1911/05,-0.6271
1911/06,-0.51
1911/06,-0.5542
1911/07,-0.43
1911/07,-0.4925
1911/08,-0.44
1911/08,-0.5063
1911/09,-0.41
1911/09,-0.4981
1911/10,-0.27
1911/10,-0.345
1911/11,-0.22
1911/11,-0.3492
1911/12,-0.22
1911/12,-0.3154
1912/01,-0.26
1912/01,-0.3293
1912/02,-0.15
1912/02,-0.3148
1912/03,-0.38
1912/03,-0.5542
1912/04,-0.18
1912/04,-0.3377
1912/05,-0.22
1912/05,-0.3351
1912/06,-0.24
1912/06,-0.285
1912/07,-0.43
1912/07,-0.5072
1912/08,-0.55
1912/08,-0.5723
1912/09,-0.58
1912/09,-0.6436
1912/10,-0.58
1912/10,-0.679
1912/11,-0.4
1912/11,-0.5578
1912/12,-0.44
1912/12,-0.5905
1913/01,-0.41
1913/01,-0.5635
1913/02,-0.45
1913/02,-0.5499
1913/03,-0.43
1913/03,-0.6057
1913/04,-0.4
1913/04,-0.5339
1913/05,-0.44
1913/05,-0.541
1913/06,-0.45
1913/06,-0.5513
1913/07,-0.37
1913/07,-0.4768
1913/08,-0.34
1913/08,-0.3955
1913/09,-0.35
1913/09,-0.4168
1913/10,-0.32
1913/10,-0.4382
1913/11,-0.2
1913/11,-0.3676
1913/12,-0.03
1913/12,-0.1639
1914/01,0.04
1914/01,-0.0783
1914/02,-0.1
1914/02,-0.27
1914/03,-0.24
1914/03,-0.3973
1914/04,-0.3
1914/04,-0.4088
1914/05,-0.22
1914/05,-0.3077
1914/06,-0.26
1914/06,-0.3078
1914/07,-0.23
1914/07,-0.2968
1914/08,-0.16
1914/08,-0.2444
1914/09,-0.17
1914/09,-0.3012
1914/10,-0.04
1914/10,-0.1101
1914/11,-0.16
1914/11,-0.1901
1914/12,-0.04
1914/12,-0.2366
1915/01,-0.21
1915/01,-0.2873
1915/02,-0.04
1915/02,-0.2203
1915/03,-0.1
1915/03,-0.1938
1915/04,0.06
1915/04,-0.0825
1915/05,-0.06
1915/05,-0.1679
1915/06,-0.22
1915/06,-0.1719
1915/07,-0.13
1915/07,-0.1689
1915/08,-0.23
1915/08,-0.0666
1915/09,-0.2
1915/09,-0.1201
1915/10,-0.25
1915/10,-0.2859
1915/11,-0.13
1915/11,-0.1726
1915/12,-0.21
1915/12,-0.3622
1916/01,-0.13
1916/01,-0.3377
1916/02,-0.15
1916/02,-0.2639
1916/03,-0.29
1916/03,-0.4389
1916/04,-0.3
1916/04,-0.375
1916/05,-0.35
1916/05,-0.4179
1916/06,-0.49
1916/06,-0.4946
1916/07,-0.37
1916/07,-0.3847
1916/08,-0.28
1916/08,-0.2966
1916/09,-0.36
1916/09,-0.3217
1916/10,-0.34
1916/10,-0.3742
1916/11,-0.46
1916/11,-0.514
1916/12,-0.82
1916/12,-0.8211
1917/01,-0.57
1917/01,-0.689
1917/02,-0.64
1917/02,-0.7158
1917/03,-0.64
1917/03,-0.7841
1917/04,-0.55
1917/04,-0.5459
1917/05,-0.55
1917/05,-0.6441
1917/06,-0.43
1917/06,-0.4787
1917/07,-0.25
1917/07,-0.2451
1917/08,-0.22
1917/08,-0.3326
1917/09,-0.23
1917/09,-0.2978
1917/10,-0.44
1917/10,-0.5354
1917/11,-0.34
1917/11,-0.459
1917/12,-0.68
1917/12,-0.7863
1918/01,-0.48
1918/01,-0.5178
1918/02,-0.34
1918/02,-0.672
1918/03,-0.25
1918/03,-0.5789
1918/04,-0.44
1918/04,-0.6232
1918/05,-0.43
1918/05,-0.525
1918/06,-0.36
1918/06,-0.3863
1918/07,-0.32
1918/07,-0.3694
1918/08,-0.32
1918/08,-0.4296
1918/09,-0.17
1918/09,-0.258
1918/10,-0.06
1918/10,-0.1187
1918/11,-0.12
1918/11,-0.1896
1918/12,-0.3
1918/12,-0.424
1919/01,-0.21
1919/01,-0.251
1919/02,-0.23
1919/02,-0.2418
1919/03,-0.21
1919/03,-0.3919
1919/04,-0.13
1919/04,-0.2112
1919/05,-0.28
1919/05,-0.3077
1919/06,-0.36
1919/06,-0.3575
1919/07,-0.29
1919/07,-0.2997
1919/08,-0.33
1919/08,-0.2379
1919/09,-0.25
1919/09,-0.2858
1919/10,-0.21
1919/10,-0.2586
1919/11,-0.42
1919/11,-0.5573
1919/12,-0.42
1919/12,-0.5031
1920/01,-0.25
1920/01,-0.2584
1920/02,-0.27
1920/02,-0.5457
1920/03,-0.12
1920/03,-0.1718
1920/04,-0.24
1920/04,-0.3364
1920/05,-0.27
1920/05,-0.2561
1920/06,-0.36
1920/06,-0.2379
1920/07,-0.3
1920/07,-0.3002
1920/08,-0.26
1920/08,-0.2264
1920/09,-0.22
1920/09,-0.1962
1920/10,-0.27
1920/10,-0.2175
1920/11,-0.27
1920/11,-0.3454
1920/12,-0.47
1920/12,-0.4883
1921/01,-0.05
1921/01,-0.2174
1921/02,-0.18
1921/02,-0.295
1921/03,-0.23
1921/03,-0.3424
1921/04,-0.3
1921/04,-0.2907
1921/05,-0.3
1921/05,-0.3014
1921/06,-0.27
1921/06,-0.1542
1921/07,-0.15
1921/07,-0.1552
1921/08,-0.26
1921/08,-0.3211
1921/09,-0.19
1921/09,-0.2069
1921/10,-0.03
1921/10,-0.1342
1921/11,-0.15
1921/11,-0.1957
1921/12,-0.18
1921/12,-0.2712
1922/01,-0.34
1922/01,-0.4188
1922/02,-0.45
1922/02,-0.4086
1922/03,-0.15
1922/03,-0.3439
1922/04,-0.23
1922/04,-0.2909
1922/05,-0.33
1922/05,-0.4694
1922/06,-0.3
1922/06,-0.2925
1922/07,-0.27
1922/07,-0.2588
1922/08,-0.33
1922/08,-0.3557
1922/09,-0.35
1922/09,-0.3244
1922/10,-0.32
1922/10,-0.3449
1922/11,-0.14
1922/11,-0.2552
1922/12,-0.2
1922/12,-0.3052
1923/01,-0.27
1923/01,-0.4035
1923/02,-0.39
1923/02,-0.4942
1923/03,-0.34
1923/03,-0.4554
1923/04,-0.41
1923/04,-0.4101
1923/05,-0.33
1923/05,-0.4036
1923/06,-0.29
1923/06,-0.2524
1923/07,-0.31
1923/07,-0.4194
1923/08,-0.33
1923/08,-0.3236
1923/09,-0.31
1923/09,-0.3407
1923/10,-0.14
1923/10,-0.1762
1923/11,-0.03
1923/11,-0.0333
1923/12,-0.04
1923/12,-0.0998
1924/01,-0.23
1924/01,-0.3269
1924/02,-0.23
1924/02,-0.315
1924/03,-0.09
1924/03,-0.1757
1924/04,-0.3
1924/04,-0.3422
1924/05,-0.18
1924/05,-0.2173
1924/06,-0.26
1924/06,-0.2753
1924/07,-0.29
1924/07,-0.2937
1924/08,-0.36
1924/08,-0.317
1924/09,-0.32
1924/09,-0.3304
1924/10,-0.35
1924/10,-0.3656
1924/11,-0.21
1924/11,-0.2905
1924/12,-0.43
1924/12,-0.4921
1925/01,-0.38
1925/01,-0.4914
1925/02,-0.39
1925/02,-0.485
1925/03,-0.27
1925/03,-0.3735
1925/04,-0.26
1925/04,-0.3067
1925/05,-0.29
1925/05,-0.3052
1925/06,-0.33
1925/06,-0.3339
1925/07,-0.27
1925/07,-0.3306
1925/08,-0.21
1925/08,-0.168
1925/09,-0.2
1925/09,-0.2587
1925/10,-0.18
1925/10,-0.2883
1925/11,0.05
1925/11,-0.0588
1925/12,0.06
1925/12,0.0143
1926/01,0.21
1926/01,0.0828
1926/02,0.02
1926/02,-0.0348
1926/03,0.11
1926/03,0.0239
1926/04,-0.13
1926/04,-0.1577
1926/05,-0.23
1926/05,-0.2698
1926/06,-0.26
1926/06,-0.1825
1926/07,-0.27
1926/07,-0.2082
1926/08,-0.13
1926/08,-0.0997
1926/09,-0.14
1926/09,-0.1176
1926/10,-0.11
1926/10,-0.0697
1926/11,-0.06
1926/11,-0.1155
1926/12,-0.29
1926/12,-0.3219
1927/01,-0.27
1927/01,-0.3109
1927/02,-0.18
1927/02,-0.2118
1927/03,-0.39
1927/03,-0.4187
1927/04,-0.3
1927/04,-0.3142
1927/05,-0.26
1927/05,-0.2298
1927/06,-0.27
1927/06,-0.248
1927/07,-0.19
1927/07,-0.2046
1927/08,-0.23
1927/08,-0.213
1927/09,-0.12
1927/09,-0.1194
1927/10,-0.01
1927/10,-0.0294
1927/11,-0.06
1927/11,-0.1264
1927/12,-0.33
1927/12,-0.3233
1928/01,-0.02
1928/01,-0.0168
1928/02,-0.09
1928/02,-0.1244
1928/03,-0.25
1928/03,-0.3193
1928/04,-0.28
1928/04,-0.2349
1928/05,-0.3
1928/05,-0.3012
1928/06,-0.39
1928/06,-0.3264
1928/07,-0.19
1928/07,-0.188
1928/08,-0.22
1928/08,-0.1782
1928/09,-0.21
1928/09,-0.2065
1928/10,-0.19
1928/10,-0.1837
1928/11,-0.1
1928/11,-0.1718
1928/12,-0.16
1928/12,-0.2264
1929/01,-0.45
1929/01,-0.4361
1929/02,-0.58
1929/02,-0.6034
1929/03,-0.33
1929/03,-0.4868
1929/04,-0.41
1929/04,-0.437
1929/05,-0.38
1929/05,-0.4342
1929/06,-0.43
1929/06,-0.4085
1929/07,-0.36
1929/07,-0.4393
1929/08,-0.32
1929/08,-0.266
1929/09,-0.25
1929/09,-0.277
1929/10,-0.14
1929/10,-0.221
1929/11,-0.11
1929/11,-0.1399
1929/12,-0.54
1929/12,-0.56
1930/01,-0.3
1930/01,-0.3631
1930/02,-0.27
1930/02,-0.3558
1930/03,-0.11
1930/03,-0.2473
1930/04,-0.25
1930/04,-0.2313
1930/05,-0.24
1930/05,-0.2507
1930/06,-0.22
1930/06,-0.2037
1930/07,-0.21
1930/07,-0.1883
1930/08,-0.15
1930/08,-0.0977
1930/09,-0.15
1930/09,-0.0922
1930/10,-0.12
1930/10,-0.0906
1930/11,0.18
1930/11,0.0638
1930/12,-0.05
1930/12,-0.0647
1931/01,-0.1
1931/01,-0.1369
1931/02,-0.2
1931/02,-0.2587
1931/03,-0.1
1931/03,-0.1092
1931/04,-0.23
1931/04,-0.1707
1931/05,-0.19
1931/05,-0.1929
1931/06,-0.08
1931/06,-0.0254
1931/07,-0.03
1931/07,-0.0082
1931/08,-0.03
1931/08,-0.0267
1931/09,-0.06
1931/09,-0.052
1931/10,0.06
1931/10,-0.027
1931/11,-0.05
1931/11,-0.1358
1931/12,-0.05
1931/12,-0.0973
1932/01,0.16
1932/01,0.0798
1932/02,-0.17
1932/02,-0.1781
1932/03,-0.18
1932/03,-0.1948
1932/04,-0.05
1932/04,-0.0612
1932/05,-0.17
1932/05,-0.1598
1932/06,-0.28
1932/06,-0.2554
1932/07,-0.24
1932/07,-0.1297
1932/08,-0.21
1932/08,-0.1898
1932/09,-0.1
1932/09,-0.0006
1932/10,-0.09
1932/10,-0.0944
1932/11,-0.27
1932/11,-0.2949
1932/12,-0.26
1932/12,-0.2667
1933/01,-0.23
1933/01,-0.3111
1933/02,-0.29
1933/02,-0.351
1933/03,-0.29
1933/03,-0.3852
1933/04,-0.24
1933/04,-0.2847
1933/05,-0.29
1933/05,-0.2769
1933/06,-0.33
1933/06,-0.3236
1933/07,-0.21
1933/07,-0.2904
1933/08,-0.23
1933/08,-0.1538
1933/09,-0.29
1933/09,-0.3266
1933/10,-0.24
1933/10,-0.2458
1933/11,-0.3
1933/11,-0.4048
1933/12,-0.44
1933/12,-0.5142
1934/01,-0.21
1934/01,-0.3233
1934/02,-0.02
1934/02,-0.1452
1934/03,-0.29
1934/03,-0.4311
1934/04,-0.3
1934/04,-0.3718
1934/05,-0.09
1934/05,-0.1402
1934/06,-0.14
1934/06,-0.0923
1934/07,-0.1
1934/07,-0.1781
1934/08,-0.12
1934/08,-0.1144
1934/09,-0.15
1934/09,-0.1345
1934/10,-0.06
1934/10,-0.0818
1934/11,0.04
1934/11,0.0318
1934/12,-0.02
1934/12,-0.1113
1935/01,-0.34
1935/01,-0.348
1935/02,0.15
1935/02,0.0497
1935/03,-0.14
1935/03,-0.2145
1935/04,-0.37
1935/04,-0.3228
1935/05,-0.28
1935/05,-0.3143
1935/06,-0.26
1935/06,-0.2093
1935/07,-0.21
1935/07,-0.1409
1935/08,-0.21
1935/08,-0.1488
1935/09,-0.21
1935/09,-0.1905
1935/10,-0.06
1935/10,-0.0552
1935/11,-0.26
1935/11,-0.3215
1935/12,-0.17
1935/12,-0.2565
1936/01,-0.27
1936/01,-0.3985
1936/02,-0.37
1936/02,-0.3431
1936/03,-0.2
1936/03,-0.3292
1936/04,-0.2
1936/04,-0.1883
1936/05,-0.16
1936/05,-0.1723
1936/06,-0.21
1936/06,-0.149
1936/07,-0.09
1936/07,-0.0699
1936/08,-0.13
1936/08,-0.0733
1936/09,-0.09
1936/09,-0.1088
1936/10,-0.02
1936/10,-0.0414
1936/11,0.02
1936/11,-0.0541
1936/12,-0.01
1936/12,-0.1064
1937/01,-0.07
1937/01,-0.1269
1937/02,0.03
1937/02,0.0665
1937/03,-0.21
1937/03,-0.2619
1937/04,-0.16
1937/04,-0.1212
1937/05,-0.05
1937/05,-0.0912
1937/06,-0.05
1937/06,-0.0084
1937/07,-0.03
1937/07,0.0197
1937/08,0.02
1937/08,0.0368
1937/09,0.09
1937/09,0.1449
1937/10,0.09
1937/10,0.128
1937/11,0.08
1937/11,0.0617
1937/12,-0.07
1937/12,-0.0784
1938/01,0.08
1938/01,0.0455
1938/02,0.04
1938/02,-0.0098
1938/03,0.1
1938/03,-0.0153
1938/04,0.07
1938/04,0.04
1938/05,-0.09
1938/05,-0.0959
1938/06,-0.17
1938/06,-0.0936
1938/07,-0.09
1938/07,-0.0462
1938/08,-0.05
1938/08,-0.0028
1938/09,0.01
1938/09,0.0199
1938/10,0.15
1938/10,0.1628
1938/11,0.08
1938/11,0.0547
1938/12,-0.12
1938/12,-0.2057
1939/01,-0.05
1939/01,-0.1218
1939/02,-0.06
1939/02,-0.1176
1939/03,-0.17
1939/03,-0.2887
1939/04,-0.1
1939/04,-0.1064
1939/05,-0.04
1939/05,-0.0301
1939/06,-0.06
1939/06,0.0148
1939/07,-0.05
1939/07,-0.0377
1939/08,-0.06
1939/08,-0.0407
1939/09,-0.07
1939/09,-0.0172
1939/10,-0.04
1939/10,-0.0993
1939/11,0.07
1939/11,0.0213
1939/12,0.43
1939/12,0.3339
1940/01,0
1940/01,-0.0527
1940/02,0.08
1940/02,0.0863
1940/03,0.09
1940/03,-0.0358
1940/04,0.17
1940/04,0.149
1940/05,0.11
1940/05,0.0502
1940/06,0.12
1940/06,0.0447
1940/07,0.13
1940/07,0.1483
1940/08,0.07
1940/08,0.0996
1940/09,0.15
1940/09,0.1312
1940/10,0.11
1940/10,0.0958
1940/11,0.16
1940/11,-0.0047
1940/12,0.31
1940/12,0.1992
1941/01,0.18
1941/01,-0.0396
1941/02,0.31
1941/02,0.1182
1941/03,0.1
1941/03,-0.1165
1941/04,0.16
1941/04,0.0362
1941/05,0.17
1941/05,0.0612
1941/06,0.13
1941/06,0.0596
1941/07,0.22
1941/07,0.1608
1941/08,0.15
1941/08,0.0397
1941/09,0.02
1941/09,-0.1445
1941/10,0.35
1941/10,0.2143
1941/11,0.23
1941/11,-0.0073
1941/12,0.22
1941/12,0.0754
1942/01,0.29
1942/01,0.2578
1942/02,0.02
1942/02,0.0168
1942/03,0.06
1942/03,-0.0416
1942/04,0.1
1942/04,-0.0152
1942/05,0.11
1942/05,0.1238
1942/06,0.05
1942/06,0.0303
1942/07,0.01
1942/07,-0.0598
1942/08,-0.04
1942/08,-0.0574
1942/09,-0.03
1942/09,-0.0135
1942/10,0.02
1942/10,-0.0869
1942/11,0.1
1942/11,-0.0575
1942/12,0.12
1942/12,-0.0801
1943/01,-0.01
1943/01,-0.1827
1943/02,0.17
1943/02,-0.0306
1943/03,-0.03
1943/03,-0.1677
1943/04,0.11
1943/04,0.023
1943/05,0.07
1943/05,0.0355
1943/06,-0.05
1943/06,-0.0749
1943/07,0.09
1943/07,0.0183
1943/08,0.01
1943/08,0.0317
1943/09,0.05
1943/09,-0.0134
1943/10,0.23
1943/10,0.2277
1943/11,0.2
1943/11,0.1039
1943/12,0.23
1943/12,0.1063
1944/01,0.36
1944/01,0.3182
1944/02,0.24
1944/02,0.1186
1944/03,0.26
1944/03,0.1201
1944/04,0.19
1944/04,0.0423
1944/05,0.19
1944/05,0.1199
1944/06,0.15
1944/06,0.1074
1944/07,0.18
1944/07,0.1487
1944/08,0.18
1944/08,0.2067
1944/09,0.28
1944/09,0.1677
1944/10,0.26
1944/10,0.2081
1944/11,0.11
1944/11,0.0885
1944/12,0.04
1944/12,0.0833
1945/01,0.1
1945/01,0.0951
1945/02,0.01
1945/02,0.0484
1945/03,0.06
1945/03,0.0387
1945/04,0.19
1945/04,0.2099
1945/05,0.06
1945/05,-0.0617
1945/06,0.01
1945/06,-0.0365
1945/07,0.04
1945/07,0.0004
1945/08,0.26
1945/08,0.2362
1945/09,0.2
1945/09,0.1028
1945/10,0.18
1945/10,0.0942
1945/11,0.07
1945/11,-0.0106
1945/12,-0.07
1945/12,-0.1998
1946/01,0.15
1946/01,0.0465
1946/02,0.02
1946/02,-0.1157
1946/03,0.01
1946/03,-0.1216
1946/04,0.06
1946/04,-0.0011
1946/05,-0.07
1946/05,-0.0827
1946/06,-0.21
1946/06,-0.27
1946/07,-0.12
1946/07,-0.1094
1946/08,-0.2
1946/08,-0.1541
1946/09,-0.08
1946/09,-0.0982
1946/10,-0.08
1946/10,-0.0681
1946/11,-0.05
1946/11,-0.1081
1946/12,-0.31
1946/12,-0.3432
1947/01,-0.06
1947/01,-0.1505
1947/02,-0.08
1947/02,-0.1411
1947/03,0.06
1947/03,-0.0762
1947/04,0.06
1947/04,-0.0549
1947/05,-0.02
1947/05,-0.0708
1947/06,-0.02
1947/06,-0.0927
1947/07,-0.04
1947/07,-0.0648
1947/08,-0.07
1947/08,-0.1129
1947/09,-0.12
1947/09,-0.1604
1947/10,0.07
1947/10,0.0338
1947/11,0.02
1947/11,0.0291
1947/12,-0.13
1947/12,-0.2331
1948/01,0.06
1948/01,-0.019
1948/02,-0.14
1948/02,-0.2386
1948/03,-0.24
1948/03,-0.283
1948/04,-0.12
1948/04,-0.1146
1948/05,-0.01
1948/05,0.0576
1948/06,-0.05
1948/06,-0.0082
1948/07,-0.11
1948/07,-0.1296
1948/08,-0.12
1948/08,-0.0476
1948/09,-0.14
1948/09,-0.1338
1948/10,-0.05
1948/10,-0.0568
1948/11,-0.12
1948/11,-0.1733
1948/12,-0.24
1948/12,-0.349
1949/01,0.07
1949/01,-0.0186
1949/02,-0.14
1949/02,-0.2423
1949/03,-0.02
1949/03,-0.1096
1949/04,-0.11
1949/04,-0.1467
1949/05,-0.1
1949/05,-0.1113
1949/06,-0.27
1949/06,-0.2332
1949/07,-0.13
1949/07,-0.1801
1949/08,-0.13
1949/08,-0.0775
1949/09,-0.14
1949/09,-0.1233
1949/10,-0.06
1949/10,-0.0897
1949/11,-0.1
1949/11,-0.181
1949/12,-0.18
1949/12,-0.2124
1950/01,-0.26
1950/01,-0.3
1950/02,-0.27
1950/02,-0.37
1950/03,-0.08
1950/03,-0.2164
1950/04,-0.21
1950/04,-0.2436
1950/05,-0.11
1950/05,-0.1373
1950/06,-0.05
1950/06,-0.105
1950/07,-0.08
1950/07,-0.1067
1950/08,-0.16
1950/08,-0.1526
1950/09,-0.11
1950/09,-0.245
1950/10,-0.2
1950/10,-0.201
1950/11,-0.34
1950/11,-0.3808
1950/12,-0.22
1950/12,-0.2608
1951/01,-0.34
1951/01,-0.3603
1951/02,-0.41
1951/02,-0.5094
1951/03,-0.2
1951/03,-0.262
1951/04,-0.14
1951/04,-0.1081
1951/05,0
1951/05,0.0323
1951/06,-0.06
1951/06,0.0602
1951/07,-0.01
1951/07,0.0387
1951/08,0.06
1951/08,0.1213
1951/09,0.05
1951/09,0.1323
1951/10,0.08
1951/10,0.1244
1951/11,-0.01
1951/11,-0.0723
1951/12,0.16
1951/12,0.0692
1952/01,0.11
1952/01,0.094
1952/02,0.11
1952/02,0.0684
1952/03,-0.08
1952/03,-0.1635
1952/04,0.03
1952/04,0.0456
1952/05,-0.03
1952/05,0.0222
1952/06,-0.03
1952/06,0.0235
1952/07,0.04
1952/07,0.0901
1952/08,0.05
1952/08,0.0969
1952/09,0.07
1952/09,0.0962
1952/10,0
1952/10,-0.0165
1952/11,-0.13
1952/11,-0.1323
1952/12,-0.02
1952/12,-0.0403
1953/01,0.07
1953/01,-0.009
1953/02,0.15
1953/02,0.095
1953/03,0.11
1953/03,0.018
1953/04,0.19
1953/04,0.2246
1953/05,0.11
1953/05,0.149
1953/06,0.12
1953/06,0.1404
1953/07,0.01
1953/07,0.0431
1953/08,0.05
1953/08,0.0871
1953/09,0.04
1953/09,0.0863
1953/10,0.08
1953/10,0.0834
1953/11,-0.03
1953/11,-0.0058
1953/12,0.05
1953/12,0.0194
1954/01,-0.24
1954/01,-0.2435
1954/02,-0.1
1954/02,-0.0891
1954/03,-0.15
1954/03,-0.1834
1954/04,-0.14
1954/04,-0.1148
1954/05,-0.2
1954/05,-0.1706
1954/06,-0.19
1954/06,-0.1296
1954/07,-0.19
1954/07,-0.1962
1954/08,-0.17
1954/08,-0.1018
1954/09,-0.1
1954/09,-0.1133
1954/10,-0.02
1954/10,-0.0115
1954/11,0.08
1954/11,0.1164
1954/12,-0.18
1954/12,-0.1636
1955/01,0.13
1955/01,0.106
1955/02,-0.16
1955/02,-0.1927
1955/03,-0.32
1955/03,-0.3964
1955/04,-0.22
1955/04,-0.2291
1955/05,-0.2
1955/05,-0.2388
1955/06,-0.14
1955/06,-0.1784
1955/07,-0.11
1955/07,-0.2083
1955/08,0.02
1955/08,-0.0884
1955/09,-0.11
1955/09,-0.1431
1955/10,-0.05
1955/10,-0.1133
1955/11,-0.25
1955/11,-0.3208
1955/12,-0.28
1955/12,-0.3643
1956/01,-0.13
1956/01,-0.2404
1956/02,-0.24
1956/02,-0.2824
1956/03,-0.21
1956/03,-0.3565
1956/04,-0.28
1956/04,-0.3065
1956/05,-0.29
1956/05,-0.3361
1956/06,-0.15
1956/06,-0.2265
1956/07,-0.09
1956/07,-0.2106
1956/08,-0.25
1956/08,-0.2896
1956/09,-0.19
1956/09,-0.2735
1956/10,-0.23
1956/10,-0.2632
1956/11,-0.15
1956/11,-0.2152
1956/12,-0.06
1956/12,-0.1576
1957/01,-0.09
1957/01,-0.2215
1957/02,-0.03
1957/02,-0.1586
1957/03,-0.05
1957/03,-0.1975
1957/04,0
1957/04,-0.0418
1957/05,0.09
1957/05,0.0318
1957/06,0.16
1957/06,0.0645
1957/07,0.02
1957/07,-0.0627
1957/08,0.15
1957/08,0.0729
1957/09,0.09
1957/09,0.0414
1957/10,0.01
1957/10,-0.0008
1957/11,0.08
1957/11,-0.004
1957/12,0.15
1957/12,0.0523
1958/01,0.39
1958/01,0.2547
1958/02,0.22
1958/02,0.0928
1958/03,0.09
1958/03,0.0053
1958/04,0.01
1958/04,-0.0695
1958/05,0.06
1958/05,0.0165
1958/06,-0.08
1958/06,-0.1531
1958/07,0.05
1958/07,-0.02
1958/08,-0.05
1958/08,-0.0831
1958/09,-0.02
1958/09,-0.1148
1958/10,0.04
1958/10,-0.0195
1958/11,0.02
1958/11,-0.0386
1958/12,0.01
1958/12,-0.0823
1959/01,0.08
1959/01,0.0137
1959/02,0.07
1959/02,-0.0051
1959/03,0.18
1959/03,0.0167
1959/04,0.16
1959/04,0.0263
1959/05,0.04
1959/05,-0.0385
1959/06,0.03
1959/06,-0.0018
1959/07,0.03
1959/07,-0.0436
1959/08,-0.01
1959/08,-0.0413
1959/09,-0.06
1959/09,-0.1412
1959/10,-0.07
1959/10,-0.0713
1959/11,-0.08
1959/11,-0.1863
1959/12,0
1959/12,-0.1033
1960/01,0
1960/01,-0.1147
1960/02,0.13
1960/02,0.0228
1960/03,-0.35
1960/03,-0.4469
1960/04,-0.15
1960/04,-0.2619
1960/05,-0.08
1960/05,-0.179
1960/06,-0.04
1960/06,-0.1261
1960/07,-0.04
1960/07,-0.1141
1960/08,0.02
1960/08,-0.0062
1960/09,0.07
1960/09,0.0032
1960/10,0.06
1960/10,-0.0312
1960/11,-0.11
1960/11,-0.215
1960/12,0.19
1960/12,0.0836
1961/01,0.07
1961/01,-0.0522
1961/02,0.19
1961/02,0.0908
1961/03,0.09
1961/03,-0.0616
1961/04,0.13
1961/04,0.061
1961/05,0.12
1961/05,0.0679
1961/06,0.12
1961/06,0.0876
1961/07,0.01
1961/07,-0.0397
1961/08,0.01
1961/08,-0.0169
1961/09,0.08
1961/09,-0.0302
1961/10,0
1961/10,-0.0638
1961/11,0.03
1961/11,-0.0311
1961/12,-0.16
1961/12,-0.2518
1962/01,0.05
1962/01,-0.057
1962/02,0.15
1962/02,0.0122
1962/03,0.1
1962/03,0.0187
1962/04,0.05
1962/04,-0.0261
1962/05,-0.06
1962/05,-0.1816
1962/06,0.03
1962/06,-0.0563
1962/07,0.02
1962/07,-0.1092
1962/08,-0.01
1962/08,-0.1097
1962/09,0
1962/09,-0.0748
1962/10,0.01
1962/10,-0.0382
1962/11,0.06
1962/11,-0.0209
1962/12,-0.03
1962/12,-0.1256
1963/01,-0.03
1963/01,-0.1219
1963/02,0.18
1963/02,0.04
1963/03,-0.14
1963/03,-0.341
1963/04,-0.07
1963/04,-0.1791
1963/05,-0.06
1963/05,-0.1467
1963/06,0.05
1963/06,-0.0668
1963/07,0.06
1963/07,0.0595
1963/08,0.22
1963/08,0.1458
1963/09,0.18
1963/09,0.122
1963/10,0.14
1963/10,0.0642
1963/11,0.15
1963/11,0.0447
1963/12,-0.03
1963/12,-0.0625
1964/01,-0.09
1964/01,-0.1945
1964/02,-0.1
1964/02,-0.223
1964/03,-0.21
1964/03,-0.3828
1964/04,-0.32
1964/04,-0.4416
1964/05,-0.25
1964/05,-0.3742
1964/06,-0.04
1964/06,-0.1666
1964/07,-0.04
1964/07,-0.2006
1964/08,-0.22
1964/08,-0.3005
1964/09,-0.29
1964/09,-0.4046
1964/10,-0.32
1964/10,-0.3114
1964/11,-0.21
1964/11,-0.2988
1964/12,-0.3
1964/12,-0.3716
1965/01,-0.08
1965/01,-0.1623
1965/02,-0.17
1965/02,-0.2631
1965/03,-0.13
1965/03,-0.2597
1965/04,-0.19
1965/04,-0.2986
1965/05,-0.12
1965/05,-0.192
1965/06,-0.08
1965/06,-0.2075
1965/07,-0.13
1965/07,-0.2666
1965/08,-0.04
1965/08,-0.162
1965/09,-0.15
1965/09,-0.2453
1965/10,-0.05
1965/10,-0.1058
1965/11,-0.06
1965/11,-0.1438
1965/12,-0.08
1965/12,-0.1463
1966/01,-0.19
1966/01,-0.2832
1966/02,-0.04
1966/02,-0.1676
1966/03,0.03
1966/03,-0.1708
1966/04,-0.13
1966/04,-0.1705
1966/05,-0.12
1966/05,-0.2186
1966/06,0.01
1966/06,-0.105
1966/07,0.08
1966/07,0.003
1966/08,-0.09
1966/08,-0.1017
1966/09,-0.03
1966/09,-0.0866
1966/10,-0.17
1966/10,-0.2377
1966/11,-0.01
1966/11,-0.1077
1966/12,-0.03
1966/12,-0.1405
1967/01,-0.08
1967/01,-0.2196
1967/02,-0.21
1967/02,-0.3282
1967/03,0.05
1967/03,-0.0937
1967/04,-0.05
1967/04,-0.1324
1967/05,0.12
1967/05,0.0569
1967/06,-0.08
1967/06,-0.1082
1967/07,0.02
1967/07,-0.0679
1967/08,0.01
1967/08,-0.0992
1967/09,-0.06
1967/09,-0.1245
1967/10,0.09
1967/10,-0.0203
1967/11,-0.05
1967/11,-0.1197
1967/12,-0.05
1967/12,-0.1537
1968/01,-0.26
1968/01,-0.3247
1968/02,-0.14
1968/02,-0.2677
1968/03,0.2
1968/03,-0.0037
1968/04,-0.06
1968/04,-0.1804
1968/05,-0.14
1968/05,-0.2261
1968/06,-0.09
1968/06,-0.1518
1968/07,-0.13
1968/07,-0.195
1968/08,-0.09
1968/08,-0.13
1968/09,-0.19
1968/09,-0.2265
1968/10,0.09
1968/10,0.0082
1968/11,-0.05
1968/11,-0.135
1968/12,-0.15
1968/12,-0.1912
1969/01,-0.11
1969/01,-0.1624
1969/02,-0.18
1969/02,-0.1971
1969/03,0.01
1969/03,-0.1328
1969/04,0.17
1969/04,0.0493
1969/05,0.18
1969/05,0.0651
1969/06,0.03
1969/06,0.0057
1969/07,-0.04
1969/07,-0.1092
1969/08,0.03
1969/08,-0.0729
1969/09,0.08
1969/09,-0.0131
1969/10,0.09
1969/10,0.0009
1969/11,0.12
1969/11,0.0231
1969/12,0.24
1969/12,0.1667
1970/01,0.08
1970/01,0.014
1970/02,0.22
1970/02,0.0638
1970/03,0.06
1970/03,-0.0881
1970/04,0.05
1970/04,-0.0794
1970/05,-0.03
1970/05,-0.1405
1970/06,-0.03
1970/06,-0.137
1970/07,0.01
1970/07,-0.112
1970/08,-0.1
1970/08,-0.1992
1970/09,0.12
1970/09,-0.0307
1970/10,0.03
1970/10,-0.0603
1970/11,0.02
1970/11,-0.0582
1970/12,-0.12
1970/12,-0.193
1971/01,-0.02
1971/01,-0.1437
1971/02,-0.15
1971/02,-0.2726
1971/03,-0.18
1971/03,-0.3366
1971/04,-0.07
1971/04,-0.2329
1971/05,-0.05
1971/05,-0.1975
1971/06,-0.16
1971/06,-0.2552
1971/07,-0.08
1971/07,-0.1848
1971/08,-0.01
1971/08,-0.1812
1971/09,-0.06
1971/09,-0.1264
1971/10,-0.04
1971/10,-0.1562
1971/11,-0.07
1971/11,-0.1528
1971/12,-0.08
1971/12,-0.2307
1972/01,-0.22
1972/01,-0.379
1972/02,-0.18
1972/02,-0.2778
1972/03,0.02
1972/03,-0.143
1972/04,0
1972/04,-0.1276
1972/05,-0.03
1972/05,-0.0825
1972/06,0.04
1972/06,-0.0319
1972/07,0.01
1972/07,-0.0927
1972/08,0.16
1972/08,0.0612
1972/09,0.02
1972/09,-0.0524
1972/10,0.08
1972/10,-0.0568
1972/11,0.02
1972/11,-0.0518
1972/12,0.18
1972/12,0.1089
1973/01,0.29
1973/01,0.1009
1973/02,0.32
1973/02,0.1593
1973/03,0.29
1973/03,0.115
1973/04,0.27
1973/04,0.1992
1973/05,0.23
1973/05,0.1081
1973/06,0.19
1973/06,0.106
1973/07,0.12
1973/07,0.0162
1973/08,0.05
1973/08,-0.0275
1973/09,0.09
1973/09,-0.0352
1973/10,0.1
1973/10,0.0109
1973/11,0.04
1973/11,-0.0252
1973/12,-0.07
1973/12,-0.1284
1974/01,-0.1
1974/01,-0.2824
1974/02,-0.27
1974/02,-0.4466
1974/03,-0.05
1974/03,-0.2372
1974/04,-0.11
1974/04,-0.2014
1974/05,-0.04
1974/05,-0.1266
1974/06,-0.05
1974/06,-0.1153
1974/07,-0.03
1974/07,-0.1359
1974/08,0.1
1974/08,0.0231
1974/09,-0.08
1974/09,-0.0927
1974/10,-0.06
1974/10,-0.1153
1974/11,-0.08
1974/11,-0.1262
1974/12,-0.08
1974/12,-0.2139
1975/01,0.1
1975/01,-0.0966
1975/02,0.08
1975/02,-0.0209
1975/03,0.12
1975/03,-0.0111
1975/04,0.04
1975/04,-0.052
1975/05,0.16
1975/05,0.053
1975/06,-0.01
1975/06,-0.0608
1975/07,-0.01
1975/07,-0.1047
1975/08,-0.17
1975/08,-0.2324
1975/09,-0.02
1975/09,-0.1395
1975/10,-0.11
1975/10,-0.1537
1975/11,-0.17
1975/11,-0.2636
1975/12,-0.17
1975/12,-0.2468
1976/01,-0.03
1976/01,-0.1696
1976/02,-0.06
1976/02,-0.2319
1976/03,-0.22
1976/03,-0.3369
1976/04,-0.07
1976/04,-0.1859
1976/05,-0.21
1976/05,-0.3588
1976/06,-0.12
1976/06,-0.2395
1976/07,-0.1
1976/07,-0.1728
1976/08,-0.12
1976/08,-0.2424
1976/09,-0.07
1976/09,-0.1511
1976/10,-0.24
1976/10,-0.3323
1976/11,-0.06
1976/11,-0.1394
1976/12,0.11
1976/12,-0.0295
1977/01,0.18
1977/01,0.1534
1977/02,0.23
1977/02,0.1038
1977/03,0.24
1977/03,0.0748
1977/04,0.26
1977/04,0.1345
1977/05,0.33
1977/05,0.2277
1977/06,0.27
1977/06,0.2078
1977/07,0.2
1977/07,0.1425
1977/08,0.18
1977/08,0.1298
1977/09,0.02
1977/09,-0.002
1977/10,0.03
1977/10,-0.0162
1977/11,0.16
1977/11,0.1211
1977/12,0.03
1977/12,-0.0401
1978/01,0.06
1978/01,0.037
1978/02,0.1
1978/02,0.0739
1978/03,0.19
1978/03,0.0593
1978/04,0.17
1978/04,0.0532
1978/05,0.09
1978/05,0.0115
1978/06,-0.01
1978/06,-0.0551
1978/07,0.04
1978/07,0.0163
1978/08,-0.13
1978/08,-0.2167
1978/09,0.06
1978/09,0.0417
1978/10,0.03
1978/10,-0.0599
1978/11,0.14
1978/11,0.0917
1978/12,0.08
1978/12,0.0102
1979/01,0.09
1979/01,0.0517
1979/02,-0.1
1979/02,-0.1795
1979/03,0.19
1979/03,0.0669
1979/04,0.15
1979/04,0.077
1979/05,0.04
1979/05,-0.0224
1979/06,0.14
1979/06,0.0502
1979/07,0.04
1979/07,0.018
1979/08,0.17
1979/08,0.1145
1979/09,0.25
1979/09,0.1729
1979/10,0.26
1979/10,0.1473
1979/11,0.28
1979/11,0.2078
1979/12,0.48
1979/12,0.386
1980/01,0.29
1980/01,0.2527
1980/02,0.39
1980/02,0.3607
1980/03,0.29
1980/03,0.2167
1980/04,0.3
1980/04,0.2339
1980/05,0.35
1980/05,0.2457
1980/06,0.2
1980/06,0.1318
1980/07,0.22
1980/07,0.2064
1980/08,0.18
1980/08,0.1644
1980/09,0.2
1980/09,0.1236
1980/10,0.13
1980/10,0.097
1980/11,0.3
1980/11,0.2063
1980/12,0.22
1980/12,0.1137
1981/01,0.53
1981/01,0.4439
1981/02,0.42
1981/02,0.3365
1981/03,0.48
1981/03,0.3308
1981/04,0.32
1981/04,0.1989
1981/05,0.25
1981/05,0.1477
1981/06,0.29
1981/06,0.2447
1981/07,0.32
1981/07,0.2643
1981/08,0.35
1981/08,0.3121
1981/09,0.15
1981/09,0.1368
1981/10,0.12
1981/10,0.0553
1981/11,0.23
1981/11,0.1657
1981/12,0.41
1981/12,0.3634
1982/01,0.04
1982/01,-0.0241
1982/02,0.15
1982/02,0.0682
1982/03,0.03
1982/03,-0.137
1982/04,0.15
1982/04,0.0204
1982/05,0.18
1982/05,0.0907
1982/06,0.05
1982/06,-0.0013
1982/07,0.14
1982/07,0.0758
1982/08,0.03
1982/08,-0.0456
1982/09,0.14
1982/09,0.0165
1982/10,0.13
1982/10,0.0411
1982/11,0.18
1982/11,0.029
1982/12,0.42
1982/12,0.2773
1983/01,0.53
1983/01,0.3584
1983/02,0.43
1983/02,0.3364
1983/03,0.41
1983/03,0.2476
1983/04,0.27
1983/04,0.1754
1983/05,0.34
1983/05,0.222
1983/06,0.22
1983/06,0.1669
1983/07,0.18
1983/07,0.1149
1983/08,0.35
1983/08,0.2838
1983/09,0.37
1983/09,0.3257
1983/10,0.17
1983/10,0.1131
1983/11,0.3
1983/11,0.2455
1983/12,0.17
1983/12,0.096
1984/01,0.31
1984/01,0.1576
1984/02,0.14
1984/02,0.02
1984/03,0.26
1984/03,0.144
1984/04,0.06
1984/04,0.0101
1984/05,0.33
1984/05,0.2143
1984/06,0.02
1984/06,-0.0386
1984/07,0.19
1984/07,0.0249
1984/08,0.19
1984/08,0.0892
1984/09,0.21
1984/09,0.1271
1984/10,0.13
1984/10,0.0409
1984/11,0.06
1984/11,-0.0577
1984/12,-0.04
1984/12,-0.156
1985/01,0.22
1985/01,0.1156
1985/02,-0.04
1985/02,-0.1042
1985/03,0.17
1985/03,0.0427
1985/04,0.12
1985/04,0.0028
1985/05,0.14
1985/05,0.068
1985/06,0.15
1985/06,0.1212
1985/07,0.04
1985/07,-0.0229
1985/08,0.16
1985/08,0.1431
1985/09,0.13
1985/09,0.1177
1985/10,0.11
1985/10,0.0393
1985/11,0.05
1985/11,0.0181
1985/12,0.14
1985/12,0.0553
1986/01,0.26
1986/01,0.1167
1986/02,0.37
1986/02,0.3094
1986/03,0.3
1986/03,0.1382
1986/04,0.22
1986/04,0.1349
1986/05,0.21
1986/05,0.131
1986/06,0.12
1986/06,0.0399
1986/07,0.11
1986/07,0.043
1986/08,0.16
1986/08,0.0879
1986/09,0.03
1986/09,0.0241
1986/10,0.15
1986/10,0.051
1986/11,0.1
1986/11,0.0401
1986/12,0.13
1986/12,0.0321
1987/01,0.32
1987/01,0.22
1987/02,0.43
1987/02,0.316
1987/03,0.18
1987/03,0.1043
1987/04,0.24
1987/04,0.1889
1987/05,0.25
1987/05,0.1694
1987/06,0.35
1987/06,0.2659
1987/07,0.4
1987/07,0.3477
1987/08,0.24
1987/08,0.2105
1987/09,0.35
1987/09,0.2659
1987/10,0.32
1987/10,0.2696
1987/11,0.29
1987/11,0.1861
1987/12,0.46
1987/12,0.372
1988/01,0.56
1988/01,0.4591
1988/02,0.44
1988/02,0.333
1988/03,0.51
1988/03,0.3852
1988/04,0.42
1988/04,0.3277
1988/05,0.44
1988/05,0.3193
1988/06,0.4
1988/06,0.3304
1988/07,0.33
1988/07,0.2557
1988/08,0.39
1988/08,0.2577
1988/09,0.36
1988/09,0.2583
1988/10,0.37
1988/10,0.2547
1988/11,0.12
1988/11,0.0286
1988/12,0.29
1988/12,0.1762
1989/01,0.12
1989/01,-0.026
1989/02,0.3
1989/02,0.2374
1989/03,0.36
1989/03,0.1851
1989/04,0.29
1989/04,0.1496
1989/05,0.17
1989/05,0.0383
1989/06,0.15
1989/06,0.0938
1989/07,0.34
1989/07,0.2638
1989/08,0.33
1989/08,0.2522
1989/09,0.34
1989/09,0.2977
1989/10,0.29
1989/10,0.26
1989/11,0.2
1989/11,0.1153
1989/12,0.37
1989/12,0.2837
1990/01,0.41
1990/01,0.2828
1990/02,0.43
1990/02,0.2788
1990/03,0.8
1990/03,0.6348
1990/04,0.56
1990/04,0.494
1990/05,0.45
1990/05,0.406
1990/06,0.37
1990/06,0.3154
1990/07,0.45
1990/07,0.3797
1990/08,0.34
1990/08,0.281
1990/09,0.23
1990/09,0.2203
1990/10,0.44
1990/10,0.3865
1990/11,0.46
1990/11,0.359
1990/12,0.4
1990/12,0.2888
1991/01,0.42
1991/01,0.3034
1991/02,0.49
1991/02,0.407
1991/03,0.35
1991/03,0.2474
1991/04,0.51
1991/04,0.436
1991/05,0.34
1991/05,0.314
1991/06,0.53
1991/06,0.4335
1991/07,0.47
1991/07,0.4674
1991/08,0.39
1991/08,0.362
1991/09,0.44
1991/09,0.3528
1991/10,0.29
1991/10,0.2512
1991/11,0.29
1991/11,0.2536
1991/12,0.32
1991/12,0.2383
1992/01,0.47
1992/01,0.3629
1992/02,0.4
1992/02,0.3484
1992/03,0.48
1992/03,0.3092
1992/04,0.27
1992/04,0.1619
1992/05,0.31
1992/05,0.168
1992/06,0.25
1992/06,0.1564
1992/07,0.08
1992/07,0.0053
1992/08,0.08
1992/08,0.0377
1992/09,-0.01
1992/09,-0.0899
1992/10,0.06
1992/10,-0.0227
1992/11,0.03
1992/11,-0.0373
1992/12,0.22
1992/12,0.0987
1993/01,0.34
1993/01,0.261
1993/02,0.37
1993/02,0.2833
1993/03,0.36
1993/03,0.2361
1993/04,0.27
1993/04,0.1951
1993/05,0.28
1993/05,0.1956
1993/06,0.23
1993/06,0.1645
1993/07,0.25
1993/07,0.1586
1993/08,0.11
1993/08,0.0842
1993/09,0.11
1993/09,0.0455
1993/10,0.23
1993/10,0.1505
1993/11,0.03
1993/11,0.0657
1993/12,0.18
1993/12,0.1483
1994/01,0.26
1994/01,0.2003
1994/02,0.02
1994/02,0.014
1994/03,0.29
1994/03,0.2355
1994/04,0.41
1994/04,0.2556
1994/05,0.28
1994/05,0.2077
1994/06,0.43
1994/06,0.3144
1994/07,0.3
1994/07,0.1822
1994/08,0.21
1994/08,0.1733
1994/09,0.31
1994/09,0.2722
1994/10,0.42
1994/10,0.347
1994/11,0.44
1994/11,0.3531
1994/12,0.39
1994/12,0.2474
1995/01,0.52
1995/01,0.4136
1995/02,0.79
1995/02,0.6401
1995/03,0.46
1995/03,0.3564
1995/04,0.46
1995/04,0.4273
1995/05,0.27
1995/05,0.2646
1995/06,0.43
1995/06,0.3784
1995/07,0.45
1995/07,0.4418
1995/08,0.45
1995/08,0.3916
1995/09,0.33
1995/09,0.2796
1995/10,0.47
1995/10,0.3794
1995/11,0.44
1995/11,0.3754
1995/12,0.26
1995/12,0.174
1996/01,0.24
1996/01,0.2164
1996/02,0.45
1996/02,0.4616
1996/03,0.32
1996/03,0.2884
1996/04,0.33
1996/04,0.2516
1996/05,0.27
1996/05,0.2371
1996/06,0.25
1996/06,0.2165
1996/07,0.36
1996/07,0.3254
1996/08,0.48
1996/08,0.3515
1996/09,0.25
1996/09,0.2046
1996/10,0.24
1996/10,0.1277
1996/11,0.38
1996/11,0.3163
1996/12,0.37
1996/12,0.3233
1997/01,0.33
1997/01,0.249
1997/02,0.4
1997/02,0.3044
1997/03,0.52
1997/03,0.3971
1997/04,0.33
1997/04,0.3775
1997/05,0.34
1997/05,0.3171
1997/06,0.54
1997/06,0.4918
1997/07,0.34
1997/07,0.3461
1997/08,0.41
1997/08,0.4057
1997/09,0.51
1997/09,0.4675
1997/10,0.61
1997/10,0.5718
1997/11,0.64
1997/11,0.6157
1997/12,0.59
1997/12,0.5239
1998/01,0.57
1998/01,0.563
1998/02,0.88
1998/02,0.7974
1998/03,0.63
1998/03,0.5895
1998/04,0.63
1998/04,0.6509
1998/05,0.68
1998/05,0.6391
1998/06,0.77
1998/06,0.6679
1998/07,0.66
1998/07,0.6591
1998/08,0.65
1998/08,0.6456
1998/09,0.41
1998/09,0.4348
1998/10,0.41
1998/10,0.4111
1998/11,0.43
1998/11,0.3822
1998/12,0.54
1998/12,0.4876
1999/01,0.48
1999/01,0.3873
1999/02,0.64
1999/02,0.604
1999/03,0.32
1999/03,0.2638
1999/04,0.32
1999/04,0.2695
1999/05,0.26
1999/05,0.2478
1999/06,0.36
1999/06,0.3248
1999/07,0.38
1999/07,0.3104
1999/08,0.31
1999/08,0.3026
1999/09,0.38
1999/09,0.276
1999/10,0.34
1999/10,0.307
1999/11,0.37
1999/11,0.2869
1999/12,0.4
1999/12,0.3138
2000/01,0.24
2000/01,0.1813
2000/02,0.56
2000/02,0.4992
2000/03,0.55
2000/03,0.445
2000/04,0.56
2000/04,0.5384
2000/05,0.36
2000/05,0.3058
2000/06,0.4
2000/06,0.3502
2000/07,0.39
2000/07,0.3258
2000/08,0.42
2000/08,0.3747
2000/09,0.38
2000/09,0.3108
2000/10,0.26
2000/10,0.1948
2000/11,0.3
2000/11,0.2453
2000/12,0.28
2000/12,0.2017
2001/01,0.45
2001/01,0.3642
2001/02,0.44
2001/02,0.3919
2001/03,0.55
2001/03,0.5205
2001/04,0.5
2001/04,0.4525
2001/05,0.57
2001/05,0.4893
2001/06,0.52
2001/06,0.4459
2001/07,0.59
2001/07,0.5091
2001/08,0.49
2001/08,0.5075
2001/09,0.51
2001/09,0.4926
2001/10,0.5
2001/10,0.4642
2001/11,0.72
2001/11,0.6921
2001/12,0.55
2001/12,0.5416
2002/01,0.77
2002/01,0.6474
2002/02,0.78
2002/02,0.6426
2002/03,0.88
2002/03,0.7994
2002/04,0.58
2002/04,0.5682
2002/05,0.64
2002/05,0.5028
2002/06,0.53
2002/06,0.4493
2002/07,0.61
2002/07,0.5695
2002/08,0.53
2002/08,0.4985
2002/09,0.63
2002/09,0.5019
2002/10,0.54
2002/10,0.5004
2002/11,0.59
2002/11,0.4945
2002/12,0.44
2002/12,0.347
2003/01,0.74
2003/01,0.6539
2003/02,0.58
2003/02,0.4856
2003/03,0.6
2003/03,0.4836
2003/04,0.55
2003/04,0.4728
2003/05,0.6
2003/05,0.5223
2003/06,0.48
2003/06,0.4251
2003/07,0.58
2003/07,0.4838
2003/08,0.65
2003/08,0.6121
2003/09,0.62
2003/09,0.5747
2003/10,0.72
2003/10,0.6568
2003/11,0.53
2003/11,0.4991
2003/12,0.75
2003/12,0.6602
2004/01,0.58
2004/01,0.509
2004/02,0.72
2004/02,0.6349
2004/03,0.63
2004/03,0.5283
2004/04,0.61
2004/04,0.5228
2004/05,0.37
2004/05,0.3509
2004/06,0.44
2004/06,0.311
2004/07,0.26
2004/07,0.2372
2004/08,0.45
2004/08,0.4583
2004/09,0.5
2004/09,0.4673
2004/10,0.61
2004/10,0.5229
2004/11,0.72
2004/11,0.6511
2004/12,0.5
2004/12,0.4149
2005/01,0.74
2005/01,0.6501
2005/02,0.6
2005/02,0.5338
2005/03,0.74
2005/03,0.6459
2005/04,0.67
2005/04,0.6316
2005/05,0.63
2005/05,0.5532
2005/06,0.64
2005/06,0.5688
2005/07,0.61
2005/07,0.5549
2005/08,0.6
2005/08,0.581
2005/09,0.71
2005/09,0.6341
2005/10,0.75
2005/10,0.6844
2005/11,0.73
2005/11,0.6432
2005/12,0.68
2005/12,0.6013
2006/01,0.56
2006/01,0.4999
2006/02,0.73
2006/02,0.6456
2006/03,0.63
2006/03,0.5437
2006/04,0.47
2006/04,0.4862
2006/05,0.48
2006/05,0.4718
2006/06,0.66
2006/06,0.5719
2006/07,0.54
2006/07,0.4764
2006/08,0.7
2006/08,0.6334
2006/09,0.65
2006/09,0.55
2006/10,0.7
2006/10,0.6137
2006/11,0.74
2006/11,0.6609
2006/12,0.79
2006/12,0.7173
2007/01,1.02
2007/01,0.893
2007/02,0.7
2007/02,0.6397
2007/03,0.71
2007/03,0.5919
2007/04,0.76
2007/04,0.7261
2007/05,0.68
2007/05,0.5801
2007/06,0.61
2007/06,0.5007
2007/07,0.59
2007/07,0.563
2007/08,0.6
2007/08,0.5838
2007/09,0.59
2007/09,0.5083
2007/10,0.58
2007/10,0.5591
2007/11,0.59
2007/11,0.5355
2007/12,0.5
2007/12,0.419
2008/01,0.3
2008/01,0.2102
2008/02,0.38
2008/02,0.2693
2008/03,0.75
2008/03,0.6137
2008/04,0.54
2008/04,0.4481
2008/05,0.5
2008/05,0.4325
2008/06,0.49
2008/06,0.384
2008/07,0.6
2008/07,0.5341
2008/08,0.46
2008/08,0.4528
2008/09,0.61
2008/09,0.548
2008/10,0.67
2008/10,0.591
2008/11,0.68
2008/11,0.6322
2008/12,0.54
2008/12,0.4721
2009/01,0.65
2009/01,0.5903
2009/02,0.52
2009/02,0.4713
2009/03,0.53
2009/03,0.4468
2009/04,0.61
2009/04,0.5281
2009/05,0.65
2009/05,0.5503
2009/06,0.64
2009/06,0.6235
2009/07,0.74
2009/07,0.6807
2009/08,0.69
2009/08,0.6221
2009/09,0.71
2009/09,0.6818
2009/10,0.66
2009/10,0.6202
2009/11,0.79
2009/11,0.7061
2009/12,0.67
2009/12,0.6402
2010/01,0.75
2010/01,0.7106
2010/02,0.83
2010/02,0.7901
2010/03,0.92
2010/03,0.8602
2010/04,0.85
2010/04,0.8335
2010/05,0.75
2010/05,0.7149
2010/06,0.68
2010/06,0.645
2010/07,0.63
2010/07,0.6174
2010/08,0.67
2010/08,0.6146
2010/09,0.63
2010/09,0.5643
2010/10,0.71
2010/10,0.6421
2010/11,0.81
2010/11,0.7346
2010/12,0.45
2010/12,0.437
2011/01,0.52
2011/01,0.4568
2011/02,0.48
2011/02,0.4291
2011/03,0.65
2011/03,0.5564
2011/04,0.64
2011/04,0.6022
2011/05,0.53
2011/05,0.4434
2011/06,0.62
2011/06,0.5482
2011/07,0.7
2011/07,0.6449
2011/08,0.75
2011/08,0.651
2011/09,0.56
2011/09,0.5379
2011/10,0.65
2011/10,0.5763
2011/11,0.58
2011/11,0.5113
2011/12,0.59
2011/12,0.4948
2012/01,0.47
2012/01,0.3696
2012/02,0.49
2012/02,0.4647
2012/03,0.56
2012/03,0.421
2012/04,0.72
2012/04,0.6105
2012/05,0.78
2012/05,0.6589
2012/06,0.64
2012/06,0.6294
2012/07,0.58
2012/07,0.5678
2012/08,0.66
2012/08,0.6449
2012/09,0.72
2012/09,0.6476
2012/10,0.79
2012/10,0.7322
2012/11,0.78
2012/11,0.721
2012/12,0.53
2012/12,0.4637
2013/01,0.7
2013/01,0.6078
2013/02,0.62
2013/02,0.5265
2013/03,0.67
2013/03,0.5829
2013/04,0.53
2013/04,0.5748
2013/05,0.6
2013/05,0.5569
2013/06,0.69
2013/06,0.6593
2013/07,0.59
2013/07,0.5892
2013/08,0.7
2013/08,0.6352
2013/09,0.76
2013/09,0.7222
2013/10,0.69
2013/10,0.6504
2013/11,0.83
2013/11,0.77
2013/12,0.7
2013/12,0.6076
2014/01,0.76
2014/01,0.6696
2014/02,0.55
2014/02,0.4908
2014/03,0.78
2014/03,0.6945
2014/04,0.8
2014/04,0.7363
2014/05,0.86
2014/05,0.7371
2014/06,0.67
2014/06,0.6175
2014/07,0.58
2014/07,0.581
2014/08,0.83
2014/08,0.7338
2014/09,0.87
2014/09,0.7568
2014/10,0.8
2014/10,0.7424
2014/11,0.67
2014/11,0.63
2014/12,0.78
2014/12,0.6848
2015/01,0.87
2015/01,0.74
2015/02,0.9
2015/02,0.7818
2015/03,0.96
2015/03,0.7953
2015/04,0.75
2015/04,0.7009
2015/05,0.79
2015/05,0.731
2015/06,0.81
2015/06,0.7596
2015/07,0.73
2015/07,0.7145
2015/08,0.79
2015/08,0.7992
2015/09,0.85
2015/09,0.8261
2015/10,1.09
2015/10,1.0153
2015/11,1.06
2015/11,0.996
2015/12,1.17
2015/12,1.0417
2016/01,1.18
2016/01,1.0878
2016/02,1.36
2016/02,1.2236
2016/03,1.35
2016/03,1.1821
2016/04,1.09
2016/04,1.0296
2016/05,0.95
2016/05,0.8805
2016/06,0.8
2016/06,0.7771
2016/07,0.84
2016/07,0.7777
2016/08,1.02
2016/08,0.9486
2016/09,0.9
2016/09,0.8455
2016/10,0.88
2016/10,0.819
2016/11,0.92
2016/11,0.8445
2016/12,0.87
2016/12,0.7791
2017/01,1.03
2017/01,0.952
2017/02,1.14
2017/02,1.0671
2017/03,1.16
2017/03,1.0646
2017/04,0.94
2017/04,0.846
2017/05,0.91
2017/05,0.7798
2017/06,0.71
2017/06,0.6575
2017/07,0.81
2017/07,0.8046
2017/08,0.87
2017/08,0.811
2017/09,0.76
2017/09,0.7293
2017/10,0.9
2017/10,0.8095
2017/11,0.88
2017/11,0.8059
2017/12,0.93
2017/12,0.8148
2018/01,0.83
2018/01,0.7106
2018/02,0.85
2018/02,0.7958
2018/03,0.88
2018/03,0.7901
2018/04,0.88
2018/04,0.8223
2018/05,0.82
2018/05,0.7132
2018/06,0.77
2018/06,0.7375
2018/07,0.83
2018/07,0.7334
2018/08,0.76
2018/08,0.7347
2018/09,0.8
2018/09,0.6759
2018/10,1.01
2018/10,0.8693
2018/11,0.82
2018/11,0.7448
2018/12,0.92
2018/12,0.8243
2019/01,0.93
2019/01,0.7996
2019/02,0.95
2019/02,0.8442
2019/03,1.17
2019/03,1.0757
2019/04,1.01
2019/04,0.9388
2019/05,0.85
2019/05,0.7776
2019/06,0.9
2019/06,0.8091
2019/07,0.94
2019/07,0.8572
2019/08,0.95
2019/08,0.8583
2019/09,0.92
2019/09,0.8027
2019/10,1
2019/10,0.9556
2019/11,0.99
2019/11,0.9372
2019/12,1.1
2019/12,1.0368
2020/01,1.17
2020/01,1.0695
2020/02,1.24
2020/02,1.1134
2020/03,1.17
2020/03,1.0944
2020/04,1.12
2020/04,1.0627
2020/05,1.01
2020/05,0.9079
2020/06,0.91
2020/06,0.8251
2020/07,0.89
2020/07,0.8161
2020/08,0.86
2020/08,0.801
2020/09,0.98
2020/09,0.8671
2020/10,0.87
2020/10,0.8107
2020/11,1.1
2020/11,1.0142
2020/12,0.79
2020/12,0.693
2021/01,0.81
2021/01,0.7009
2021/02,0.64
2021/02,0.5646
2021/03,0.89
2021/03,0.7263
2021/04,0.76
2021/04,0.7602
2021/05,0.79
2021/05,0.7064
2021/06,0.84
2021/06,0.7133
2021/07,0.92
2021/07,0.7917
2021/08,0.82
2021/08,0.7995
2021/09,0.92
2021/09,0.8675
2021/10,0.99
2021/10,0.9074
2021/11,0.93
2021/11,0.8536
2021/12,0.87
2021/12,0.7514
2022/01,0.91
2022/01,0.779
2022/02,0.89
2022/02,0.7636
2022/03,1.05
2022/03,0.8896
2022/04,0.84
2022/04,0.7703
2022/05,0.84
2022/05,0.7614
2022/06,0.92
2022/06,0.8582
2022/07,0.94
2022/07,0.7784
2022/08,0.95
2022/08,0.8533
2022/09,0.89
2022/09,0.7901
2022/10,0.96
2022/10,0.9289
2022/11,0.73
2022/11,0.6746
2022/12,0.8
2022/12,0.7684
2023/01,0.87
2023/01,0.7786
2023/02,0.96
2023/02,0.8693
2023/03,1.22
2023/03,1.1247
2023/04,0.99
2023/04,0.9275
2023/05,0.94
2023/05,0.8714
2023/06,1.08
2023/06,1.0518
2023/07,1.19
2023/07,1.15
2023/08,1.19
2023/08,1.1993
2023/09,1.48
2023/09,1.3522
2023/10,1.34
2023/10,1.2866
2023/11,1.42
2023/11,1.3338
2023/12,1.35
2023/12,1.2586
2024/01,1.1516
2024/02,1.2902
2024/03,1.2515
2024/04,1.2053
2024/05,1.0745
2024/06,1.1154
2024/07,1.1398
